id	step	status	priority	blocker	source_authority	cad_core_landing	oracle_or_diagnostic	validation	next_owner	exit_condition
C51X-BLK-000	C51X-S0	done_c51x_baseline_frozen	C51X-P0	C51 follow-up must not reopen broad deferred	docs/CADCore5.1-PartDesign-剩余deferred语义实现/6-20-13-38-【已实现】C51-S6-freeze收口总结.md;cad-core/src/adapters/c_api/c_api.cpp	docs/CADCore5.1-PartDesign-剩余deferred语义实现/矩阵	C51X-ORC-000	C51X-VAL-001;C51X-VAL-002;C51X-VAL-003	done_C51X-S0	Follow-up matrix contains only exact blockers and explicit routing boundaries
C51X-BLK-111	C51X-S1	still_exact_blocker_native_refreshed	C51X-P0	Groove UpTo native BRepFeat failure still reproduces on FreeCADCmd 1.2.0 revision 20260519	src/Mod/PartDesign/App/FeatureRevolved.cpp;FeatureGroove.cpp;src/Mod/Part/App/TopoShapeExpansion.cpp	cad-core/src/part_design/feature_revolved.cpp;cad-core/src/part/topo_shape_expansion.cpp	C51X-ORC-111	C51X-VAL-111	done_C51X-S1	Still exact blocker with refreshed native failure evidence;no cad-core BRepFeat cut implementation
C51X-BLK-211	C51X-S2	still_exact_blocker_source_commented	C51X-P1	Pipe Transformation Linear/S-shape/Interpolation source-commented branch remains exact blocker	src/Mod/PartDesign/App/FeaturePipe.cpp::Pipe::execute	cad-core/src/part_design/feature_pipe.cpp;cad-core/include/cad_core/part/topo_shape_expansion.h	C51X-ORC-211	C51X-VAL-211	done_C51X-S2	Still exact blocker;no CAD Core product extension DTO approved in this package
C51X-BLK-212	C51X-S2	still_exact_blocker_source_commented	C51X-P1	Pipe SpineTangent/AuxiliarySpineTangent source-commented continuous-edge expansion remains exact blocker	src/Mod/PartDesign/App/FeaturePipe.cpp::buildPipePath	cad-core/src/part_design/feature_pipe.cpp;cad-core/src/part/topo_shape_expansion.cpp	C51X-ORC-212	C51X-VAL-212	done_C51X-S2	Still exact blocker;continuous-edge ledger remains future product-extension prerequisite
C51X-BLK-311	C51X-S3	still_exact_blocker_split_pending_oracle	C51X-P1	Datum AttachEngine curve frame modes remain exact blocker pending family oracle	src/Mod/Part/App/Attacher.cpp;AttachExtension.cpp	cad-core/src/part_design/datum_attachment.h	C51X-ORC-311	C51X-VAL-311	done_C51X-S3	Mode family remains exact blocker because no checked-in native expected/input contract was added in this batch
C51X-BLK-312	C51X-S3	partial_supported_datum_3d_plane_family	C51X-P1	Datum AttachEngine point, line and 3D plane families now support single-input modes, C5-M14 ProximityPoint1/2 and C5-M15 Translate/TangentPlane/ThreePointsPlane/ThreePointsNormal;remaining families stay exact blockers	src/Mod/Part/App/Attacher.cpp;AttachExtension.cpp;PropertyLinks.cpp	cad-core/src/part_design/datum_attachment.h;datum_line.cpp;datum_point.cpp	C51X-ORC-312;C51X-ORC-314;C51X-ORC-315	C51X-VAL-312;C51X-VAL-314;C51X-VAL-315	done_C5-M15	DatumPoint Vertex/OnEdge/CenterOfMass, ProximityPoint1/2, DatumLine line family and Datum3DPlane modes are expected-backed supported;IntersectionPoint/Focus/curve-frame/Folding/conic landmarks remain exact blockers
C51X-BLK-901	C51X-S0	routed_out	C51X-P0	Part::Loft complex_profile_family is not PartDesign C51 scope	src/Mod/Part/App/PartFeatures.cpp;TopoShapeExpansion.cpp	cad-core/src/part/part_loft.cpp	C4/C3M4 surface oracle	C4/C3M4 validation	Part surface owner	Route to Part Workbench surface family package
C51X-BLK-902	C51X-S0	routed_out	C51X-P0	Part::Sweep advanced wrapper is not PartDesign C51 scope	src/Mod/Part/App/PartFeatures.cpp;AppPartPy.cpp;TopoShapeExpansion.cpp	cad-core/src/part/part_sweep.cpp	C4/C3M4 surface oracle	C4/C3M4 validation	Part surface owner	Route to Part Workbench surface family package
C51X-BLK-999	C51X-S4	done_c51x_freeze	C51X-P0	C51X capability/docs/tests synchronized after DatumPoint, DatumLine, ProximityPoint and Datum3DPlane implementation	cad-core/src/adapters/c_api/c_api.cpp;cad-core/tests/test_adapters.py	docs;capability metadata;fixtures;tests	C51X-ORC-999	C51X-VAL-999	done_C51X-S4	Queue closed and no broad deferred remains
