id	phase	fixture_family	status	source_authority	cad_core_landing	freecad_oracle_source	cad_core_fixture_target	expected_fields	validation	next_owner	notes
C51X-ORC-000	C51X-S0	baseline	done_c51x_baseline_frozen	docs/CADCore5.1-PartDesign-剩余deferred语义实现/6-20-13-38-【已实现】C51-S6-freeze收口总结.md	docs/CADCore5.1-PartDesign-剩余deferred语义实现/矩阵	queue/script audit	docs/CADCore5.1-PartDesign-剩余deferred语义实现/矩阵	C51 exact blockers;Part surface routing boundary;current capability status	C51X-VAL-001;C51X-VAL-002;C51X-VAL-003	done_C51X-S0	No native fixture required for routing-only rows
C51X-ORC-111	C51X-S1	Groove UpTo BRepFeat	still_native_failure_refreshed	src/Mod/PartDesign/App/FeatureRevolved.cpp;FeatureGroove.cpp;src/Mod/Part/App/TopoShapeExpansion.cpp	cad-core/fixtures/c51m1	FreeCADCmd native diagnostic on current runner	cad-core/fixtures/c51m1	Groove UpToFirst;Groove UpToFace;FreeCAD message;cad-core diagnostic parity	C51X-VAL-111	done_C51X-S1	FreeCADCmd 1.2.0 revision 20260519 still prints "Groove: Revolution: Up to face: Could not revolve the sketch!";no new expected generated
C51X-ORC-211	C51X-S2	Pipe transformation law	still_source_commented_exact_blocker	src/Mod/PartDesign/App/FeaturePipe.cpp	cad-core/fixtures/c51m4/partdesign-pipe-source-backed-blockers.json	CAD Core exact diagnostic fixture	cad-core/fixtures/c51m4	Transformation Linear/S-shape/Interpolation unsupported_property;source-commented evidence;no law DTO	C51X-VAL-211	done_C51X-S2	No FreeCAD parity claim while source branch remains commented
C51X-ORC-212	C51X-S2	Pipe tangent expansion	still_source_commented_exact_blocker	src/Mod/PartDesign/App/FeaturePipe.cpp::buildPipePath	cad-core/fixtures/c51m4/partdesign-pipe-source-backed-blockers.json	CAD Core exact diagnostic fixture	cad-core/fixtures/c51m4	SpineTangent;AuxiliarySpineTangent unsupported_property;commented getContinuousEdges evidence	C51X-VAL-212	done_C51X-S2	Requires ledger, not post-build compound guessing
C51X-ORC-311	C51X-S3	Datum curve frame modes	still_exact_blocker_pending_oracle	src/Mod/Part/App/Attacher.cpp;AttachExtension.cpp	cad-core/fixtures/c51x	No new native expected in this batch	cad-core/fixtures/c51x	Mode family;support subshape;AttachmentOffset;MapReversed;MapPathParameter;global placement;writeback suggestions	C51X-VAL-311	done_C51X-S3	Group modes by AttachEngine source and input evidence in later package
C51X-ORC-312	C51X-S3	DatumPoint single-input modes	done_native_oracle	src/Mod/Part/App/Attacher.cpp::AttachEnginePoint::_calculateAttachedPlacement;AttachExtension.cpp;PropertyLinks.cpp	cad-core/fixtures/c51m5/partdesign-datum-point-single-input-modes.json	FreeCADCmd 1.2.0 revision 20260519 expected	cad-core/fixtures/c51m5/expected/partdesign-datum-point-single-input-modes.freecad.json	DatumPoint Vertex;OnEdge with MapPathParameter;CenterOfMass;point placement;diagnostics empty;no writeback needed	C51X-VAL-312	done_C51X-S3	Other point-family modes stay exact blockers because they need separate input contracts
C51X-ORC-313	C51X-S3	DatumLine line-family modes	done_native_oracle	src/Mod/Part/App/Attacher.cpp::AttachEngineLine::_calculateAttachedPlacement;AttachExtension.cpp;PropertyLinks.cpp	cad-core/fixtures/c51m5/partdesign-datum-line-family-modes.json;cad-core/fixtures/c51m5/partdesign-datum-line-family-diagnostics.json	FreeCADCmd 1.2.0 revision 20260519 expected plus source-backed diagnostic fixture	cad-core/fixtures/c51m5/expected/partdesign-datum-line-family-modes.freecad.json;cad-core/fixtures/c51m5/expected/partdesign-datum-line-family-diagnostics.freecad.json	DatumLine TwoPointLine vertex pair and edge;IntersectionLine face-face;ProximityLine shape-shape;invalid single point;parallel faces;touching proximity	C51X-VAL-313	done_C51X-S3	Frenet/Concentric/TangentPlane/Folding/Focus/Directrix/Asymptote remain out of this line-family batch
C51X-ORC-314	C5-M14	DatumPoint ProximityPoint1/2 modes	done_native_oracle	src/Mod/Part/App/Attacher.cpp::AttachEnginePoint::getProximityPoint;AttachExtension.cpp;PropertyLinks.cpp	cad-core/fixtures/c51m5/partdesign-datum-point-proximity-modes.json;cad-core/fixtures/c51m5/partdesign-datum-point-proximity-diagnostics.json	FreeCADCmd 1.2.0 revision 20260519 expected plus focused diagnostic fixture	cad-core/fixtures/c51m5/expected/partdesign-datum-point-proximity-modes.freecad.json;cad-core/fixtures/c51m5/expected/partdesign-datum-point-proximity-diagnostics.freecad.json	DatumPoint ProximityPoint1/2 vertex/edge fallback;edge-face first hit;edge-face no-hit fallback;multi-support writeback;missing support and bad subname diagnostics	C51X-VAL-314	done_C5-M14	IntersectionPoint/Focus/curve-frame/three-point/folding remain out of this proximity-point batch
C51X-ORC-999	C51X-S4	publication	done_c51x_freeze	cad-core/src/adapters/c_api/c_api.cpp;cad-core/tests/test_adapters.py	docs;capability metadata;tests	test assertions	docs and tests	Final supported/exact/product-extension state;no broad deferred;DatumPoint and DatumLine line-family fixtures listed	C51X-VAL-999	done_C51X-S4	Publication matches implementation outcome
