id	area	evidence_source	observed_semantics	cad_core_s1_contract	oracle_or_boundary
SWEEP-SRC-001	document-object	/Users/li/Chili3DProject/FreeCAD/src/Mod/Part/App/PartFeatures.h:102; /Users/li/Chili3DProject/FreeCAD/src/Mod/Part/App/PartFeatures.cpp:260	Part::Sweep owns Sections, Spine, Solid, Frenet, Linearize and Transition; constructor defaults Solid=true, Frenet=true, Transition=Right corner, Linearize=false	Request TypeId Part::Sweep with native DocumentObject properties; do not route through a synthetic adapter shape	SWEEP-FIX-001..008
SWEEP-SRC-002	execute-preconditions	/Users/li/Chili3DProject/FreeCAD/src/Mod/Part/App/PartFeatures.cpp:303	Sweep::execute rejects empty Sections as "No sections linked.", missing Spine as "No spine", null or invalid Spine/SubList as "Invalid spine", and invalid section links as "Invalid section link"	S1 diagnostics should preserve these source boundaries before entering OCCT; invalid payloads must not fabricate expected shapes	SWEEP-FIX-008
SWEEP-SRC-003	spine-link-sub	/Users/li/Chili3DProject/FreeCAD/src/Mod/Part/App/PartFeatures.cpp:311	Sweep resolves Spine with ResolveLink|Transform, then optional Spine.getSubValues() are resolved by getSubTopoShape() and reassembled through makeElementCompound(... returnShape) before shapes[0]	S1 must parse App::PropertyLinkSub value plus optional SubList and pass the resolved spine as the first PipeShell source	SWEEP-FIX-001; SWEEP-FIX-006; SWEEP-FIX-008
SWEEP-SRC-004	sections-profiles	/Users/li/Chili3DProject/FreeCAD/src/Mod/Part/App/PartFeatures.cpp:333; /Users/li/Chili3DProject/FreeCAD/src/Mod/Part/App/TopoShapeExpansion.cpp:2404	Sections is App::PropertyLinkList; prepareProfiles accepts single face via splitWires, edge collections via makeElementWires, single wire, and single vertex; other shapes raise "Profile shape is not a single vertex, edge, wire nor face."	S1 first batch uses one profile but should keep the helper boundary aligned with FreeCAD rather than hard-coding only a fixture profile	SWEEP-FIX-001; SWEEP-FIX-002; SWEEP-FIX-007; SWEEP-FIX-008
SWEEP-SRC-005	parameters	/Users/li/Chili3DProject/FreeCAD/src/Mod/Part/App/PartFeatures.cpp:256; /Users/li/Chili3DProject/FreeCAD/src/Mod/Part/App/PartFeatures.cpp:339; /Users/li/Chili3DProject/FreeCAD/src/Mod/Part/App/TopoShapeExpansion.cpp:2463	Transition enum order is Transformed, Right corner, Round corner; Solid maps to MakeSolid::makeSolid/noSolid; Frenet maps to SetMode(Standard_True/False); Transition maps to BRepBuilderAPI_Transformed/RightCorner/RoundCorner	S1 fields and expected payload should expose solid, frenet and transition values, including the FreeCAD default Right corner	SWEEP-FIX-001..005
SWEEP-SRC-006	pipeshell-build	/Users/li/Chili3DProject/FreeCAD/src/Mod/Part/App/TopoShapeExpansion.cpp:2436	makeElementPipeShell requires at least two shapes, converts the first to a single wire, Add()s prepared profiles, checks IsReady(), Build()s, optionally MakeSolid(), then returns makeElementShape(...)	S1 geometry helper belongs under Part/topo shape code, not adapter output repair	SWEEP-FIX-001..008
SWEEP-SRC-007	maker-history	/Users/li/Chili3DProject/FreeCAD/src/Mod/Part/App/TopoShapeExpansion.cpp:2510; /Users/li/Chili3DProject/FreeCAD/src/Mod/Part/App/TopoShape.h:3088; /Users/li/Chili3DProject/FreeCAD/src/Mod/Part/App/TopoShapeExpansion.cpp:5702	makeElementShape wraps the PipeShell maker with MapperMaker, which reads Modified() and Generated() history; AppPartPy explicitly avoids GeomFill_Pipe because it has no shape history	S1 must publish a PipeShell maker-history marker and assert source spine/profile history; final bbox parity is insufficient	SWEEP-FIX-001; SWEEP-FIX-002; SWEEP-FIX-006
SWEEP-SRC-008	python-helper	/Users/li/Chili3DProject/FreeCAD/src/Mod/Part/App/AppPartPy.cpp:2128	Part.makeSweepSurface(path, profile, tolerance) is a low-level helper that calls makeElementPipeShell with noSolid, Frenet=false and Transformed, mainly because makeSweep has no history	It can help oracle probes, but supported capability must remain source-backed Part::Sweep DocumentObject	SWEEP-FIX-001..008
SWEEP-SRC-009	advanced-non-goals	/Users/li/Chili3DProject/FreeCAD/src/Mod/Part/App/BRepOffsetAPI_MakePipeShell.pyi:27; /Users/li/Chili3DProject/FreeCAD/src/Mod/Part/App/BRepOffsetAPI_MakePipeShell.pyi:60; /Users/li/Chili3DProject/FreeCAD/cad-core/src/part_design/feature_hole.cpp:2395	FreeCAD exposes advanced PipeShell wrapper modes and cad-core Hole ModelThread uses BRepOffsetAPI_MakePipeShell internally, but these are not Part::Sweep execute() semantics	Do not publish auxiliary spine, located profile, support mode, trihedron/binormal, GUI dialog or Hole ModelThread as Part::Sweep support	SWEEP-FIX-009; SWEEP-FIX-010
