candidate_id	source_file	freecad_symbol	semantic_axis	source_evidence	cad_core_landing	scope_hint	next_step
P8ASM-CAND-001	/home/user/Chili3DProject/FreeCAD/src/Mod/Assembly/App/AssemblyObject.cpp	AssemblyObject::solve	solve_order	ensureIdentityPlacements; syncGroundedJoints; makeMbdAssembly; fixGroundedParts; if groundedObjs.empty return -6; jointParts; mbdAssembly->runPreDrag(); setNewPlacements	cad-core/src/assembly/joint_solver.cpp;cad-core/src/assembly/assembly_utils.cpp	P8ASM-SCOPE-003;P8ASM-SCOPE-006	S3 verify request-local real solver and missing grounded gate
P8ASM-CAND-002	/home/user/Chili3DProject/FreeCAD/src/Mod/Assembly/App/AssemblyObject.cpp	AssemblyObject::validateNewPlacements	grounded_validation	Ignoring bad solve, a grounded object (%s) moved; oldPlc.isSame(newPlacement, Precision::Confusion())	cad-core/src/assembly/joint_solver.cpp	P8ASM-SCOPE-005	S4 verify invalid grounded writeback rejection
P8ASM-CAND-003	/home/user/Chili3DProject/FreeCAD/src/Mod/Assembly/App/AssemblyObject.cpp	AssemblyObject::setNewPlacements	placement_writeback	getMbdPlacement(mbdPart); offsetPlc; propPlacement->setValue(newPlacement); obj->purgeTouched()	cad-core/src/assembly/assembly_utils.cpp	P8ASM-SCOPE-005	S4 verify documentObjectUpdates Placement contract
P8ASM-CAND-004	/home/user/Chili3DProject/FreeCAD/src/Mod/Assembly/App/AssemblyObject.cpp	AssemblyObject::fixGroundedPart	grounded_part	marker- + obj->getFullName(); FixingMarker; CREATE<ASMTFixedJoint>::With(); setMarkerI; setMarkerJ	cad-core/src/assembly/joint_solver.cpp	P8ASM-SCOPE-003	S3 verify grounded part conversion
P8ASM-CAND-005	/home/user/Chili3DProject/FreeCAD/src/Mod/Assembly/App/AssemblyObject.cpp	AssemblyObject::makeMbdJointOfType	joint_type_mapping	ASMTFixedJoint; ASMTRevoluteJoint; ASMTCylindricalJoint; ASMTTranslationalJoint; ASMTSphericalJoint; makeMbdJointDistance; ASMTParallelAxesJoint; ASMTPerpendicularJoint; ASMTAngleJoint; ASMTRackPinionJoint; ASMTScrewJoint; ASMTGearJoint	cad-core/src/assembly/joint_solver.cpp	P8ASM-SCOPE-007	S5 classify JointType coverage and exclusions
P8ASM-CAND-019	/home/user/Chili3DProject/FreeCAD/src/Mod/Assembly/App/AssemblyObject.cpp	AssemblyObject::makeMbdJointOfType	Cylindrical_joint_mapping	case JointType::Cylindrical returns CREATE<ASMTCylindricalJoint>::With()	cad-core/src/assembly/joint_solver.cpp;cad-core/fixtures/c3m6/assembly-grounded-cylindrical-joint-real-solver.json;cad-core/fixtures/c3m6/expected/assembly-grounded-cylindrical-joint-real-solver.freecad.json	P8ASM-SCOPE-010	closed: S7 follow-up adds real ASMTCylindricalJoint adapter and checked-in native expected
P8ASM-CAND-006	/home/user/Chili3DProject/FreeCAD/src/Mod/Assembly/App/AssemblyObject.cpp	AssemblyObject::makeMbdJointDistance	distance_joint_detail	DistanceType; PointPoint; LineLine; PlanePlane; CylinderSphere; PointCurve; distanceIJ; offset; getJointDistance(joint); getFaceRadius; getEdgeRadius	cad-core/src/assembly/joint_solver.cpp	P8ASM-SCOPE-007	DistanceType S5 supports basic point line plane mapping with oracle and capability; keep radius-bearing and curve distance mapping out unless a later oracle-backed package exists
P8ASM-CAND-007	/home/user/Chili3DProject/FreeCAD/src/Mod/Assembly/JointObject.py	Joint;JointTypes	joint_properties	JointTypes; JointUsingDistance2; App::PropertyEnumeration JointType; Reference1; Reference2; Placement1; Placement2; Angle; Distance; Distance2; App::PropertyXLinkSubHidden	cad-core/src/assembly/joint_group.cpp;cad-core/src/assembly/joint_solver.cpp	P8ASM-SCOPE-002;P8ASM-SCOPE-007	S2/S5 verify DTO fields and hidden XLinkSub handling
P8ASM-CAND-008	/home/user/Chili3DProject/FreeCAD/src/Mod/Assembly/App/JointGroup.cpp	JointGroup::getJoints	joint_group_filter	Suppressed; Filter grounded joints and deactivated joints; Proxy; hasAttr("setJointConnectors")	cad-core/src/assembly/joint_group.cpp;cad-core/src/assembly/assembly_utils.cpp	P8ASM-SCOPE-002	S2 verify JointGroup input boundary
P8ASM-CAND-009	/home/user/Chili3DProject/FreeCAD/cad-core/include/cad_core/assembly/joint_solver.h	AssemblySolveRequest	solver_dto	assemblyObject; jointGroups; parts; groundedJoints; joints; JointConstraint; AssemblyPlacementUpdate	cad-core/src/assembly/joint_solver.cpp	P8ASM-SCOPE-002;P8ASM-SCOPE-003	S3 verify DTO matches FreeCAD solve order
P8ASM-CAND-010	/home/user/Chili3DProject/FreeCAD/cad-core/src/assembly/joint_solver.cpp	solveAssemblyWithOndselAdapter	adapter_runtime	CAD_CORE_HAS_ONDSEL_SOLVER=1; solveAssemblyWithRealOndselAdapter; assembly->runPreDrag(); real_ondsel_solver; missing_grounded_part; unsupported_joint_type; grounded_object_moved	cad-core/CMakeLists.txt;cad-core/tests/test_p8_features.py	P8ASM-SCOPE-003;P8ASM-SCOPE-008	S3 verify hard-linked real mode
P8ASM-CAND-011	/home/user/Chili3DProject/FreeCAD/cad-core/src/assembly/assembly_utils.cpp	solverSummary	result_publication	solveAssemblyWithOndselAdapter(request); context.documentObjectUpdates.push_back; action assembly_set_placement; solver_adapter; placement_updates; unsupported_joints	cad-core/src/assembly/assembly_object.cpp;cad-core/tests/test_p8_features.py	P8ASM-SCOPE-005	S4 verify update lifecycle
P8ASM-CAND-012	/home/user/Chili3DProject/FreeCAD/cad-core/src/adapters/c_api/c_api.cpp	assembly capabilities	publication_surface	ondsel_solver_adapter; request_local_runPreDrag; placement_writeback; supported_joint_matrix; documentObjectUpdates.action=assembly_set_placement; unsupported_joint_matrix; no representative_solver_adapter	cad-core/tests/test_adapters.py	P8ASM-SCOPE-001;P8ASM-SCOPE-008;P8ASM-SCOPE-010	S6 align formal docs and capabilities
P8ASM-CAND-013	/home/user/Chili3DProject/FreeCAD/cad-core/CMakeLists.txt	CAD_CORE_HAS_ONDSEL_SOLVER	hard_ondsel_build_link	CAD_CORE_ONDSEL_SOLVER_DIR; missing CMakeLists fatal error; add_subdirectory(... OndselSolver); target_compile_definitions CAD_CORE_HAS_ONDSEL_SOLVER=1; target_link_libraries(cad-core-lib PUBLIC OndselSolver)	cad-core/src/assembly/joint_solver.cpp;cad-core/src/adapters/c_api/c_api.cpp	P8ASM-SCOPE-008	S3 verify hard build/link disclosure
P8ASM-CAND-014	/home/user/Chili3DProject/FreeCAD/cad-core/src/assembly/assembly_object.cpp	executeAssemblyObject	assembly_executor_publication	joint_groups; joints; solve; solver_adapter; assembly_detail::solverSummary(object, context)	cad-core/src/assembly/assembly_utils.cpp	P8ASM-SCOPE-001;P8ASM-SCOPE-005	S4/S6 verify Assembly metadata publication
P8ASM-CAND-015	/home/user/Chili3DProject/FreeCAD/cad-core/src/assembly/joint_group.cpp	executeAssemblyFeaturePython	joint_input_publication	allowedProperties includes JointType Reference1 Reference2 Placement1 Placement2 Distance Distance2 Suppressed ObjectToGround; solve joint_input; solve grounded_input; object_to_ground	cad-core/src/assembly/assembly_utils.cpp;cad-core/src/assembly/joint_solver.cpp	P8ASM-SCOPE-002;P8ASM-SCOPE-007	S2 verify Joint and GroundedJoint input contract
P8ASM-CAND-016	/home/user/Chili3DProject/FreeCAD/cad-core/tests/test_p8_features.py	CadCoreP8FeatureTest	focused_tests_coverage	real_ondsel_solver; assembly_set_placement; request_graph_apply_next_recompute_noop; multi_component_writeback_order; invalid_assembly_solver_result; hidden_xlinksub; unsupported_joint_type	cad-core/src/assembly;cad-core/src/adapters/c_api/c_api.cpp	P8ASM-SCOPE-001;P8ASM-SCOPE-005;P8ASM-SCOPE-008	S6 use tests as focused coverage, not FreeCAD oracle
P8ASM-CAND-017	/home/user/Chili3DProject/FreeCAD/src/Mod/Assembly/JointObject.py	GroundedJoint	grounded_joint_property	App::PropertyLinkGlobal ObjectToGround; setReadOnly; Placement; LinkPlacement; onDelete setReadOnly False	cad-core/src/assembly/joint_group.cpp;cad-core/src/assembly/joint_solver.cpp	P8ASM-SCOPE-002;P8ASM-SCOPE-003	S2/S3 verify grounded input semantics
P8ASM-CAND-018	/home/user/Chili3DProject/FreeCAD/src/Mod/Assembly/App/AssemblyObject.cpp	AssemblyObject::syncGroundedJoints	grounded_joint_sync	getGroundedJoints; ObjectToGround; propPlc->isReadOnly(); jg.newObject('App::FeaturePython', 'GroundedJoint'); JointObject.GroundedJoint(j, part)	cad-core/src/assembly/joint_solver.cpp;cad-core/src/assembly/assembly_utils.cpp	P8ASM-SCOPE-002;P8ASM-SCOPE-003	S3 verify grounded sync remains source authority, not backend session state
